sda,dsa@dsaa,adsa,asdasd
ads,asd@ads,54654,asfadfsdfda
adsa,asfasd@asfasd,454645456,fasdfas
asdasd,asdas@gmail.com,4564565,sdfsfasd
Rohan Singh,newageoftechnologies@protonmail.com,4564565,kljlkj
Rohan Singh,newageoftechnologies@protonmail.com,asd,fadfa
asdasda,asdas@gmail.com,ads,fasd
Rohan Singh,newageoftechnologies@protonmail.com,sadf,sadf
Rohan Singh,newageoftechnologies@protonmail.com,asd,asda
Rohan Singh,newageoftechnologies@protonmail.com,asd,asda
ads,asdas@gmail.com,sdafasdf,sadf
Rohan Singh,newageoftechnologies@protonmail.com,sdfa,sdfasfd
Rohan Singh,newageoftechnologies@protonmail.com,asda,asfdfasd
Rohan Singh,newageoftechnologies@protonmail.com,asda,asfdfasd
Rohan Singh,newageoftechnologies@protonmail.com,4564565,new
Rohan Singh,newageoftechnologies@protonmail.com,4564565,jhkhkjhkjhkjh
Rohan Singh,newageoftechnologies@protonmail.com,98789798,wqwasd
Rohan Singh,newageoftechnologies@protonmail.com,89798798,hhhhhh
